"Work Title","Work Identifier","Page Title","Page Position","Page URL","Section (text)","Section (subjects)","Section (subject categories)","Entry number","quantity (text)","quantity (subject)","unit (text)","unit (subject)","subtracted unit (text)","subtracted unit (subject)","total unit (text)","total unit (subject)","destination (text)","destination (subject)","Date (text)","Date (subject)","Item and price (text)","Item and price (subject)","L (text)","L (subject)","s (text)","s (subject)","d (text)","d (subject)"
"00133_sv0061","","2","2","http://localhost:3000/display/display_page?page_id=7883","","","","1","1  bbl","","249","","21","","228","","Stagville
","","","","","","","","","","",""
"00133_sv0061","","2","2","http://localhost:3000/display/display_page?page_id=7883","","","","2","1  ""","","227","","19","","258","","FD Store
","","","","","","","","","","",""
"00133_sv0061","","2","2","http://localhost:3000/display/display_page?page_id=7883","","","","3","1  ""","","112","","12","","100","","Family","","","","","","","","","","",""
"00133_sv0061","","3","3","http://localhost:3000/display/display_page?page_id=7884","69  James Haley Self Dr.","James Haley
","account holder
","1","","","","","","","","","","","","","1/4 lb Powder 2/6 1 lb Shot 2/6 1 lb Sugar 2/6","powder","","","7","","6",""
"00133_sv0061","","3","3","http://localhost:3000/display/display_page?page_id=7884","69  James Haley Self Dr.","James Haley
","account holder
","1","","","","","","","","","","","","","1/4 lb Powder 2/6 1 lb Shot 2/6 1 lb Sugar 2/6","shot","","","7","","6",""
"00133_sv0061","","3","3","http://localhost:3000/display/display_page?page_id=7884","69  James Haley Self Dr.","James Haley
","account holder
","1","","","","","","","","","","","","","1/4 lb Powder 2/6 1 lb Shot 2/6 1 lb Sugar 2/6","sugar","","","7","","6",""
"00133_sv0061","","3","3","http://localhost:3000/display/display_page?page_id=7884","69  James Haley Self Dr.","James Haley
","account holder
","2","","","","","","","","","","","","","1 Shoe Knife 1/6","knife","","","1","","6",""
"00133_sv0061","","3","3","http://localhost:3000/display/display_page?page_id=7884","69  James Haley Self Dr.","James Haley
","account holder
","3","","","","","","","","","","","","","","","","","9","","-",""
"00133_sv0061","","3","3","http://localhost:3000/display/display_page?page_id=7884","69 William Pettigrew Jr. Self Dr.","William Pettigrew, Jr
","account holder
","1","","","","","","","","","","","1","","1/4 lb Powder 2/6 2 lb Shot 5/","powder","","","7","","6",""
"00133_sv0061","","3","3","http://localhost:3000/display/display_page?page_id=7884","69 William Pettigrew Jr. Self Dr.","William Pettigrew, Jr
","account holder
","1","","","","","","","","","","","1","","1/4 lb Powder 2/6 2 lb Shot 5/","shot","","","7","","6",""
"00133_sv0061","","3","3","http://localhost:3000/display/display_page?page_id=7884","69 William Pettigrew Jr. Self Dr.","William Pettigrew, Jr
","account holder
","2","","","","","","","","","","","8","","3 lb Sugar 7/6 1/4 lb Ginger 1/3 1 Gallon Brandy 15/","sugar","1","","3","","9",""
"00133_sv0061","","3","3","http://localhost:3000/display/display_page?page_id=7884","69 William Pettigrew Jr. Self Dr.","William Pettigrew, Jr
","account holder
","2","","","","","","","","","","","8","","3 lb Sugar 7/6 1/4 lb Ginger 1/3 1 Gallon Brandy 15/","ginger","1","","3","","9",""
"00133_sv0061","","3","3","http://localhost:3000/display/display_page?page_id=7884","69 William Pettigrew Jr. Self Dr.","William Pettigrew, Jr
","account holder
","2","","","","","","","","","","","8","","3 lb Sugar 7/6 1/4 lb Ginger 1/3 1 Gallon Brandy 15/","brandy","1","","3","","9",""
"00133_sv0061","","3","3","http://localhost:3000/display/display_page?page_id=7884","69 William Pettigrew Jr. Self Dr.","William Pettigrew, Jr
","account holder
","3","","","","","","","","","","","8","","1/2 lb Coffee 3/- 1 Peck Salt 5/-","coffee","","","8","","-",""
"00133_sv0061","","3","3","http://localhost:3000/display/display_page?page_id=7884","69 William Pettigrew Jr. Self Dr.","William Pettigrew, Jr
","account holder
","3","","","","","","","","","","","8","","1/2 lb Coffee 3/- 1 Peck Salt 5/-","salt","","","8","","-",""
"00133_sv0061","","3","3","http://localhost:3000/display/display_page?page_id=7884","69 John Telley Jr Dr.","John Telley Jr
","account holder
","1","","","","","","","","","","","","","9 1/4 lb Iron work'd at the Shop in July","iron","","","9","","3",""
"00133_sv0061","","3","3","http://localhost:3000/display/display_page?page_id=7884","69 John Telley Jr Dr.","John Telley Jr
","account holder
","2","","","","","","","","","","","26","","Bushel Salt 10/- Self","salt","","","10","","-",""
"00133_sv0061","","3","3","http://localhost:3000/display/display_page?page_id=7884","69 John Telley Jr Dr.","John Telley Jr
","account holder
","3","","","","","","","","","","","","","","","","","19","","3",""
"00133_sv0061","","3","3","http://localhost:3000/display/display_page?page_id=7884","69 Henry Moize PP Bro Jonathan Dr.","Henry Moize
Jonathan Moize
","account holder
account holder
order-placer
","1","","","","","","","","","","","2","","1/2 lb Powder 5/-","powder","","","5","","-",""
"00133_sv0061","","3","3","http://localhost:3000/display/display_page?page_id=7884","69 Henry Moize PP Bro Jonathan Dr.","Henry Moize
Jonathan Moize
","account holder
account holder
order-placer
","2","","","","","","","","","","","16","","2 lb Copperas 3/- 1 fine comb 5/- 1 P Pins 3/-","copperas","","","11","","-",""
"00133_sv0061","","3","3","http://localhost:3000/display/display_page?page_id=7884","69 Henry Moize PP Bro Jonathan Dr.","Henry Moize
Jonathan Moize
","account holder
account holder
order-placer
","2","","","","","","","","","","","16","","2 lb Copperas 3/- 1 fine comb 5/- 1 P Pins 3/-","comb","","","11","","-",""
"00133_sv0061","","3","3","http://localhost:3000/display/display_page?page_id=7884","69 Henry Moize PP Bro Jonathan Dr.","Henry Moize
Jonathan Moize
","account holder
account holder
order-placer
","2","","","","","","","","","","","16","","2 lb Copperas 3/- 1 fine comb 5/- 1 P Pins 3/-","pins","","","11","","-",""
"00133_sv0061","","3","3","http://localhost:3000/display/display_page?page_id=7884","69 Henry Moize PP Bro Jonathan Dr.","Henry Moize
Jonathan Moize
","account holder
account holder
order-placer
","3","","","","","","","","","","","""","","13 1/2 lb Iron 13/6 Self","iron","","","13","","6",""
"00133_sv0061","","3","3","http://localhost:3000/display/display_page?page_id=7884","69 Henry Moize PP Bro Jonathan Dr.","Henry Moize
Jonathan Moize
","account holder
account holder
order-placer
","4","","","","","","","","","","","","","","","1","","9","","6",""
"00133_sv0061","","3","3","http://localhost:3000/display/display_page?page_id=7884","69 Jonathan Moize Self Dr.","Jonathan Moize
","account holder
order-placer
","1","","","","","","","","","","","2","","1/2 lb Brimstone 1/- 1 Small Pot 5/-","brimstone","-","","6","","-",""
"00133_sv0061","","3","3","http://localhost:3000/display/display_page?page_id=7884","69 Jonathan Moize Self Dr.","Jonathan Moize
","account holder
order-placer
","1","","","","","","","","","","","2","","1/2 lb Brimstone 1/- 1 Small Pot 5/-","pot","-","","6","","-",""
"00133_sv0061","","3","3","http://localhost:3000/display/display_page?page_id=7884","69 Jonathan Moize Self Dr.","Jonathan Moize
","account holder
order-placer
","2","","","","","","","","","","","16","","1/2 yd blk Mode 8/9 1/4 yd Red Cambrick 3/6","mode","-","","12","","3",""
"00133_sv0061","","3","3","http://localhost:3000/display/display_page?page_id=7884","69 Jonathan Moize Self Dr.","Jonathan Moize
","account holder
order-placer
","2","","","","","","","","","","","16","","1/2 yd blk Mode 8/9 1/4 yd Red Cambrick 3/6","cambric","-","","12","","3",""
"00133_sv0061","","3","3","http://localhost:3000/display/display_page?page_id=7884","69 Jonathan Moize Self Dr.","Jonathan Moize
","account holder
order-placer
","3","","","","","","","","","","","""","","4 yds Ribbon 4/- 1 hk Silk 1/- 1 bunch wire 1/- PP B. Henry","ribbon","-","","6","","-",""
"00133_sv0061","","3","3","http://localhost:3000/display/display_page?page_id=7884","69 Jonathan Moize Self Dr.","Jonathan Moize
","account holder
order-placer
","3","","","","","","","","","","","""","","4 yds Ribbon 4/- 1 hk Silk 1/- 1 bunch wire 1/- PP B. Henry","silk","-","","6","","-",""
"00133_sv0061","","3","3","http://localhost:3000/display/display_page?page_id=7884","69 Jonathan Moize Self Dr.","Jonathan Moize
","account holder
order-placer
","3","","","","","","","","","","","""","","4 yds Ribbon 4/- 1 hk Silk 1/- 1 bunch wire 1/- PP B. Henry","wire","-","","6","","-",""
"00133_sv0061","","3","3","http://localhost:3000/display/display_page?page_id=7884","69 Jonathan Moize Self Dr.","Jonathan Moize
","account holder
order-placer
","3","","","","","","","","","","","""","","4 yds Ribbon 4/- 1 hk Silk 1/- 1 bunch wire 1/- PP B. Henry","Henry","-","","6","","-",""
"00133_sv0061","","3","3","http://localhost:3000/display/display_page?page_id=7884","69 Jonathan Moize Self Dr.","Jonathan Moize
","account holder
order-placer
","4","","","","","","","","","","","27","","3 pipes 6d PP Bro Frederick","pipe","-","","-","","6",""
"00133_sv0061","","3","3","http://localhost:3000/display/display_page?page_id=7884","69 Jonathan Moize Self Dr.","Jonathan Moize
","account holder
order-placer
","4","","","","","","","","","","","27","","3 pipes 6d PP Bro Frederick","Frederick Moize","-","","-","","6",""
"00133_sv0061","","3","3","http://localhost:3000/display/display_page?page_id=7884","69 Jonathan Moize Self Dr.","Jonathan Moize
","account holder
order-placer
","5","","","","","","","","","","","30","","2 lb Sugar 5/- 1/2 lb Coffee 3/0 1/2 oz Camphor 2/-","sugar","-","","10","","-",""
"00133_sv0061","","3","3","http://localhost:3000/display/display_page?page_id=7884","69 Jonathan Moize Self Dr.","Jonathan Moize
","account holder
order-placer
","5","","","","","","","","","","","30","","2 lb Sugar 5/- 1/2 lb Coffee 3/0 1/2 oz Camphor 2/-","coffee","-","","10","","-",""
"00133_sv0061","","3","3","http://localhost:3000/display/display_page?page_id=7884","69 Jonathan Moize Self Dr.","Jonathan Moize
","account holder
order-placer
","5","","","","","","","","","","","30","","2 lb Sugar 5/- 1/2 lb Coffee 3/0 1/2 oz Camphor 2/-","camphor","-","","10","","-",""
"00133_sv0061","","3","3","http://localhost:3000/display/display_page?page_id=7884","69 Jonathan Moize Self Dr.","Jonathan Moize
","account holder
order-placer
","6","","","","","","","","","","","""","","1 Cruet 2/6 Self","cruet","-","","2","","6",""
"00133_sv0061","","3","3","http://localhost:3000/display/display_page?page_id=7884","69 Jonathan Moize Self Dr.","Jonathan Moize
","account holder
order-placer
","7","","","","","","","","","","","","","","","1","","7","","3",""
"00133_sv0061","","3","3","http://localhost:3000/display/display_page?page_id=7884","69 Joseph Wood Jr Self Dr.","Joseph Wood Jr
","account holder
","1","","","","","","","","","","","2","","1/2 lb powder 5/ 2 1/2 lb Shot 6/3","powder","-","","11","","3",""
"00133_sv0061","","3","3","http://localhost:3000/display/display_page?page_id=7884","69 Joseph Wood Jr Self Dr.","Joseph Wood Jr
","account holder
","1","","","","","","","","","","","2","","1/2 lb powder 5/ 2 1/2 lb Shot 6/3","shot","-","","11","","3",""
"00133_sv0061","","3","3","http://localhost:3000/display/display_page?page_id=7884","69 Joseph Wood Jr Self Dr.","Joseph Wood Jr
","account holder
","2","","","","","","","","","","","""","","1 Hair Comb 2/16 1 qt Whisky 3/-","comb","-","","5","","6",""
"00133_sv0061","","3","3","http://localhost:3000/display/display_page?page_id=7884","69 Joseph Wood Jr Self Dr.","Joseph Wood Jr
","account holder
","2","","","","","","","","","","","""","","1 Hair Comb 2/16 1 qt Whisky 3/-","whiskey","-","","5","","6",""
"00133_sv0061","","3","3","http://localhost:3000/display/display_page?page_id=7884","69 Joseph Wood Jr Self Dr.","Joseph Wood Jr
","account holder
","3","","","","","","","","","","","22","","3 Gunflints PP Brother James","gunflint","-","","-","","6",""
"00133_sv0061","","3","3","http://localhost:3000/display/display_page?page_id=7884","69 Joseph Wood Jr Self Dr.","Joseph Wood Jr
","account holder
","3","","","","","","","","","","","22","","3 Gunflints PP Brother James","James Wood","-","","-","","6",""
"00133_sv0061","","4","4","http://localhost:3000/display/display_page?page_id=7885","69  Nathaniel Carrington PP Son Dr.","Nathaniel Carrington
","account holder
","1","","","","","","","","","","","","","500 d8 Nails 12/6 400 20d Ditto 22/6","nails","1","","15","","-",""
"00133_sv0061","","4","4","http://localhost:3000/display/display_page?page_id=7885","69  Nathaniel Carrington PP Son Dr.","Nathaniel Carrington
","account holder
","1","","","","","","","","","","","","","500 d8 Nails 12/6 400 20d Ditto 22/6","nails","1","","15","","-",""
"00133_sv0061","","4","4","http://localhost:3000/display/display_page?page_id=7885","69  Nathaniel Carrington PP Son Dr.","Nathaniel Carrington
","account holder
","2","","","","","","","","","","","","","1 1/4 yds Ribbon 5/- 4 Jews Harps 4/-","ribbon","-","","9","","-",""
"00133_sv0061","","4","4","http://localhost:3000/display/display_page?page_id=7885","69  Nathaniel Carrington PP Son Dr.","Nathaniel Carrington
","account holder
","2","","","","","","","","","","","","","1 1/4 yds Ribbon 5/- 4 Jews Harps 4/-","instrument","-","","9","","-",""
"00133_sv0061","","4","4","http://localhost:3000/display/display_page?page_id=7885","69  Nathaniel Carrington PP Son Dr.","Nathaniel Carrington
","account holder
","3","","","","","","","","","","","","","1 Pocket Knife 5/-","knife","-","","5","","-",""
"00133_sv0061","","4","4","http://localhost:3000/display/display_page?page_id=7885","69  Leonard Laws Self Dr.","Leonard Laws
","account holder
","1","","","","","","","","","",""," 3","","1 Peck Salt 5/-","salt","-","","5","","-",""
"00133_sv0061","","4","4","http://localhost:3000/display/display_page?page_id=7885","69  Leonard Laws Self Dr.","Leonard Laws
","account holder
","2","","","","","","","","","",""," 13","","1 lb Sugar 2/6 1 lb Coffee 6/- 2 Tins 3/-","sugar","-","","10","","6",""
"00133_sv0061","","4","4","http://localhost:3000/display/display_page?page_id=7885","69  Leonard Laws Self Dr.","Leonard Laws
","account holder
","2","","","","","","","","","",""," 13","","1 lb Sugar 2/6 1 lb Coffee 6/- 2 Tins 3/-","coffee","-","","10","","6",""
"00133_sv0061","","4","4","http://localhost:3000/display/display_page?page_id=7885","69  Leonard Laws Self Dr.","Leonard Laws
","account holder
","2","","","","","","","","","",""," 13","","1 lb Sugar 2/6 1 lb Coffee 6/- 2 Tins 3/-","storage vessel","-","","10","","6",""
"00133_sv0061","","4","4","http://localhost:3000/display/display_page?page_id=7885","69  Leonard Laws Self Dr.","Leonard Laws
","account holder
","3","","","","","","","","","",""," 20","","1 qt Whisky 3/-","whiskey","-","","3","","-",""
"00133_sv0061","","4","4","http://localhost:3000/display/display_page?page_id=7885","69  Leonard Laws Self Dr.","Leonard Laws
","account holder
","4","","","","","","","","","","","","","","","-","","19","","6",""
"00133_sv0061","","4","4","http://localhost:3000/display/display_page?page_id=7885","69  James Watson PP Order Dr.","James Watson
","account holder
","1","","","","","","","","","",""," 4","","1/4 lb Powder 2/6 1 lb Shot 2/6","powder","-","","5","","-",""
"00133_sv0061","","4","4","http://localhost:3000/display/display_page?page_id=7885","69  James Watson PP Order Dr.","James Watson
","account holder
","1","","","","","","","","","",""," 4","","1/4 lb Powder 2/6 1 lb Shot 2/6","shot","-","","5","","-",""
"00133_sv0061","","4","4","http://localhost:3000/display/display_page?page_id=7885","69  William Meadowes Self Dr.","William Meadowes
","account holder
","1","","","","","","","","","",""," 4","","1/4 lb Alum @ 6 1/4 Ginger 1/3 1/4 Allspice 1/3","alum","","","3","","",""
"00133_sv0061","","4","4","http://localhost:3000/display/display_page?page_id=7885","69  William Meadowes Self Dr.","William Meadowes
","account holder
","1","","","","","","","","","",""," 4","","1/4 lb Alum @ 6 1/4 Ginger 1/3 1/4 Allspice 1/3","ginger","","","3","","",""
"00133_sv0061","","4","4","http://localhost:3000/display/display_page?page_id=7885","69  William Meadowes Self Dr.","William Meadowes
","account holder
","1","","","","","","","","","",""," 4","","1/4 lb Alum @ 6 1/4 Ginger 1/3 1/4 Allspice 1/3","allspice","","","3","","",""
"00133_sv0061","","4","4","http://localhost:3000/display/display_page?page_id=7885","69  William Meadowes Self Dr.","William Meadowes
","account holder
","2","","","","","","","","","",""," 4","","1 Cutting Knife 15/- 3 lb Sugar 7/6","knife","1","","2","","6 ",""
"00133_sv0061","","4","4","http://localhost:3000/display/display_page?page_id=7885","69  William Meadowes Self Dr.","William Meadowes
","account holder
","2","","","","","","","","","",""," 4","","1 Cutting Knife 15/- 3 lb Sugar 7/6","sugar","1","","2","","6 ",""
"00133_sv0061","","4","4","http://localhost:3000/display/display_page?page_id=7885","69  William Meadowes Self Dr.","William Meadowes
","account holder
","3","","","","","","","","","",""," 4","","50 d6 Nails 1/ 1 Paper pins 3/","nails","","","4","","",""
"00133_sv0061","","4","4","http://localhost:3000/display/display_page?page_id=7885","69  William Meadowes Self Dr.","William Meadowes
","account holder
","3","","","","","","","","","",""," 4","","50 d6 Nails 1/ 1 Paper pins 3/","pins","","","4","","",""
"00133_sv0061","","4","4","http://localhost:3000/display/display_page?page_id=7885","69  William Meadowes Self Dr.","William Meadowes
","account holder
","4","","","","","","","","","","","","","","","1","","9","","6 ",""
"00133_sv0061","","4","4","http://localhost:3000/display/display_page?page_id=7885","69  Knight Dalby Self Dr.","Knight Dalby
","account holder
","1","","","","","","","","","",""," 4","","4 lb Shot 10/- 1/2 doz Gunflints 1/-","shot","-","","11","","-",""
"00133_sv0061","","4","4","http://localhost:3000/display/display_page?page_id=7885","69  Knight Dalby Self Dr.","Knight Dalby
","account holder
","1","","","","","","","","","",""," 4","","4 lb Shot 10/- 1/2 doz Gunflints 1/-","gunflint","-","","11","","-",""
"00133_sv0061","","4","4","http://localhost:3000/display/display_page?page_id=7885","69  Knight Dalby Self Dr.","Knight Dalby
","account holder
","2","","","","","","","","","",""," ""","","1 Paper pins 3/- 1 yd India Cotton 5/-","pins","-","","8","","-",""
"00133_sv0061","","4","4","http://localhost:3000/display/display_page?page_id=7885","69  Knight Dalby Self Dr.","Knight Dalby
","account holder
","2","","","","","","","","","",""," ""","","1 Paper pins 3/- 1 yd India Cotton 5/-","cotton","-","","8","","-",""
"00133_sv0061","","4","4","http://localhost:3000/display/display_page?page_id=7885","69  Knight Dalby Self Dr.","Knight Dalby
","account holder
","3","","","","","","","","","","","","","","","-","","19","","-",""
"00133_sv0061","","4","4","http://localhost:3000/display/display_page?page_id=7885","69  Majr Micajah Bullock PP Kt Dalby Dr.","Majr Micajah Bullock
Knight Dalby
","order-placer
account holder
","1","","","","","","","","","",""," Chd to KDalby 4","","1 Powder 10/- 7 lb Shot 17/6 1 P Pins 3/-","powder","1","","10","","6",""
"00133_sv0061","","4","4","http://localhost:3000/display/display_page?page_id=7885","69  Majr Micajah Bullock PP Kt Dalby Dr.","Majr Micajah Bullock
Knight Dalby
","order-placer
account holder
","1","","","","","","","","","",""," Chd to KDalby 4","","1 Powder 10/- 7 lb Shot 17/6 1 P Pins 3/-","shot","1","","10","","6",""
"00133_sv0061","","4","4","http://localhost:3000/display/display_page?page_id=7885","69  Majr Micajah Bullock PP Kt Dalby Dr.","Majr Micajah Bullock
Knight Dalby
","order-placer
account holder
","1","","","","","","","","","",""," Chd to KDalby 4","","1 Powder 10/- 7 lb Shot 17/6 1 P Pins 3/-","pins","1","","10","","6",""
"00133_sv0061","","5","5","http://localhost:3000/display/display_page?page_id=7886","69  Richard Roberts Self Dr.","Richard Roberts
","account holder
","1","","","","","","","","","","","","","1 lb Copperas 1/6  2 1/2 yds hat binding 2/-","copperas","","","3","","6",""
"00133_sv0061","","5","5","http://localhost:3000/display/display_page?page_id=7886","69  Richard Roberts Self Dr.","Richard Roberts
","account holder
","1","","","","","","","","","","","","","1 lb Copperas 1/6  2 1/2 yds hat binding 2/-","hat","","","3","","6",""
"00133_sv0061","","5","5","http://localhost:3000/display/display_page?page_id=7886","69  Richard Roberts Self Dr.","Richard Roberts
","account holder
","2","","","","","","","","","","","","","1 hank Silk 1/ 1 yd Ribbon 1/3","silk","","","2","","3",""
"00133_sv0061","","5","5","http://localhost:3000/display/display_page?page_id=7886","69  Richard Roberts Self Dr.","Richard Roberts
","account holder
","2","","","","","","","","","","","","","1 hank Silk 1/ 1 yd Ribbon 1/3","ribbon","","","2","","3",""
"00133_sv0061","","5","5","http://localhost:3000/display/display_page?page_id=7886","69  Richard Roberts Self Dr.","Richard Roberts
","account holder
","3","","","","","","","","","","","","","","","","","5","","9",""
"00133_sv0061","","5","5","http://localhost:3000/display/display_page?page_id=7886","69  Mark Veazey PP Bro William Dr.","Mark Veazey
William Veazey
","account holder
account holder
order-placer
","1","","","","","","","","","",""," 4","","Powder &amp; Shot 5/","powder","","","5","","",""
"00133_sv0061","","5","5","http://localhost:3000/display/display_page?page_id=7886","69  Mark Veazey PP Bro William Dr.","Mark Veazey
William Veazey
","account holder
account holder
order-placer
","1","","","","","","","","","",""," 4","","Powder &amp; Shot 5/","shot","","","5","","",""
"00133_sv0061","","5","5","http://localhost:3000/display/display_page?page_id=7886","69  William Veazey Self Dr.","William Veazey
","account holder
order-placer
","1","","","","","","","","","","","","","Powder &amp; Shot 5/- 3 flints d6","powder","","","5","","6",""
"00133_sv0061","","5","5","http://localhost:3000/display/display_page?page_id=7886","69  William Veazey Self Dr.","William Veazey
","account holder
order-placer
","1","","","","","","","","","","","","","Powder &amp; Shot 5/- 3 flints d6","shot","","","5","","6",""
"00133_sv0061","","5","5","http://localhost:3000/display/display_page?page_id=7886","69  William Veazey Self Dr.","William Veazey
","account holder
order-placer
","1","","","","","","","","","","","","","Powder &amp; Shot 5/- 3 flints d6","gunflint","","","5","","6",""
"00133_sv0061","","5","5","http://localhost:3000/display/display_page?page_id=7886","69  James Cash PP Brother Bryant Dr.","James Cash
Bryant Cash
","account holder
account holder
order-placer
","1","","","","","","","","","",""," 5","","1/2 lb Powder 5/ 2 1/2 lb Shot 6/3 3 lb Sugar 7/6","powder","","","18","","9",""
"00133_sv0061","","5","5","http://localhost:3000/display/display_page?page_id=7886","69  James Cash PP Brother Bryant Dr.","James Cash
Bryant Cash
","account holder
account holder
order-placer
","1","","","","","","","","","",""," 5","","1/2 lb Powder 5/ 2 1/2 lb Shot 6/3 3 lb Sugar 7/6","shot","","","18","","9",""
"00133_sv0061","","5","5","http://localhost:3000/display/display_page?page_id=7886","69  James Cash PP Brother Bryant Dr.","James Cash
Bryant Cash
","account holder
account holder
order-placer
","1","","","","","","","","","",""," 5","","1/2 lb Powder 5/ 2 1/2 lb Shot 6/3 3 lb Sugar 7/6","sugar","","","18","","9",""
"00133_sv0061","","5","5","http://localhost:3000/display/display_page?page_id=7886","69  James Cash PP Brother Bryant Dr.","James Cash
Bryant Cash
","account holder
account holder
order-placer
","2","","","","","","","","","",""," 27","","3 Pts Rum 7/6 1/4 lb Ginger 1/3","rum","","","8","","9",""
"00133_sv0061","","5","5","http://localhost:3000/display/display_page?page_id=7886","69  James Cash PP Brother Bryant Dr.","James Cash
Bryant Cash
","account holder
account holder
order-placer
","2","","","","","","","","","",""," 27","","3 Pts Rum 7/6 1/4 lb Ginger 1/3","ginger","","","8","","9",""
"00133_sv0061","","5","5","http://localhost:3000/display/display_page?page_id=7886","69  James Cash PP Brother Bryant Dr.","James Cash
Bryant Cash
","account holder
account holder
order-placer
","3","","","","","","","","","",""," 27","","1/4 lb Pepper 1/6 1 hank Silk 1/3","pepper","","","2","","9",""
"00133_sv0061","","5","5","http://localhost:3000/display/display_page?page_id=7886","69  James Cash PP Brother Bryant Dr.","James Cash
Bryant Cash
","account holder
account holder
order-placer
","3","","","","","","","","","",""," 27","","1/4 lb Pepper 1/6 1 hank Silk 1/3","silk","","","2","","9",""
"00133_sv0061","","5","5","http://localhost:3000/display/display_page?page_id=7886","69  James Cash PP Brother Bryant Dr.","James Cash
Bryant Cash
","account holder
account holder
order-placer
","4","","","","","","","","","",""," 27","","1 Pepper Box 1/- 1 Fine Comb 3/- Self","container","","","4","","",""
"00133_sv0061","","5","5","http://localhost:3000/display/display_page?page_id=7886","69  James Cash PP Brother Bryant Dr.","James Cash
Bryant Cash
","account holder
account holder
order-placer
","4","","","","","","","","","",""," 27","","1 Pepper Box 1/- 1 Fine Comb 3/- Self","comb","","","4","","",""
"00133_sv0061","","5","5","http://localhost:3000/display/display_page?page_id=7886","69  James Cash PP Brother Bryant Dr.","James Cash
Bryant Cash
","account holder
account holder
order-placer
","5","","","","","","","","","","","","","","","1","","14","","3 ",""
"00133_sv0061","","5","5","http://localhost:3000/display/display_page?page_id=7886","69  Bryant Cash Self Dr.","Bryant Cash
","account holder
order-placer
","1","","","","","","","","","",""," 5","","1/2 lb Powder 5/- 2 1/2 Shot 6/3 1  P? Knife 4/-","powder","","","15","","3",""
"00133_sv0061","","5","5","http://localhost:3000/display/display_page?page_id=7886","69  Bryant Cash Self Dr.","Bryant Cash
","account holder
order-placer
","1","","","","","","","","","",""," 5","","1/2 lb Powder 5/- 2 1/2 Shot 6/3 1  P? Knife 4/-","shot","","","15","","3",""
"00133_sv0061","","5","5","http://localhost:3000/display/display_page?page_id=7886","69  Bryant Cash Self Dr.","Bryant Cash
","account holder
order-placer
","1","","","","","","","","","",""," 5","","1/2 lb Powder 5/- 2 1/2 Shot 6/3 1  P? Knife 4/-","knife","","","15","","3",""
"00133_sv0061","","5","5","http://localhost:3000/display/display_page?page_id=7886","69  Bryant Cash Self Dr.","Bryant Cash
","account holder
order-placer
","2","","","","","","","","","",""," 5","","2 lb Sugar 5/-","sugar","","","5","","",""
"00133_sv0061","","5","5","http://localhost:3000/display/display_page?page_id=7886","69  Bryant Cash Self Dr.","Bryant Cash
","account holder
order-placer
","3","","","","","","","","","",""," 27","","3 Pts Rum 7/6 1/4 lb Pepper 1/6 PP Bro James","rum","","","9","","",""
"00133_sv0061","","5","5","http://localhost:3000/display/display_page?page_id=7886","69  Bryant Cash Self Dr.","Bryant Cash
","account holder
order-placer
","3","","","","","","","","","",""," 27","","3 Pts Rum 7/6 1/4 lb Pepper 1/6 PP Bro James","pepper","","","9","","",""
"00133_sv0061","","5","5","http://localhost:3000/display/display_page?page_id=7886","69  Bryant Cash Self Dr.","Bryant Cash
","account holder
order-placer
","4","","","","","","","","","","","","","","","1","","9","","3",""
"00133_sv0061","","5","5","http://localhost:3000/display/display_page?page_id=7886","69 William Walker Jr Self Dr","William Walker Jr
","account holder
","1","","","","","","","","","",""," 5","","4 lb Sugar 10/-","sugar","","","10","","",""
"00133_sv0061","","5","5","http://localhost:3000/display/display_page?page_id=7886","69 George Carey Self Dr","George Carey
","account holder
","1","","","","","","","","","",""," 5","","3 1/2 lb Shot 8/9 1 Bushel Salt 20/-","shot","1","","8","","9",""
"00133_sv0061","","5","5","http://localhost:3000/display/display_page?page_id=7886","69 George Carey Self Dr","George Carey
","account holder
","1","","","","","","","","","",""," 5","","3 1/2 lb Shot 8/9 1 Bushel Salt 20/-","salt","1","","8","","9",""
"00133_sv0061","","5","5","http://localhost:3000/display/display_page?page_id=7886","69 George Carey Self Dr","George Carey
","account holder
","2","","","","","","","","","",""," 13","","3/4 yds blk Mode 13/- 1/4 yd C Cambrick 4/6","mode","","","17","","6",""
"00133_sv0061","","5","5","http://localhost:3000/display/display_page?page_id=7886","69 George Carey Self Dr","George Carey
","account holder
","2","","","","","","","","","",""," 13","","3/4 yds blk Mode 13/- 1/4 yd C Cambrick 4/6","cambric","","","17","","6",""
"00133_sv0061","","5","5","http://localhost:3000/display/display_page?page_id=7886","69 George Carey Self Dr","George Carey
","account holder
","3","","","","","","","","","",""," 13","","Fine thd 1/- 2 yds Locket 1/- 1 hank Silk 1/3","thread","","","3","","3",""
"00133_sv0061","","5","5","http://localhost:3000/display/display_page?page_id=7886","69 George Carey Self Dr","George Carey
","account holder
","3","","","","","","","","","",""," 13","","Fine thd 1/- 2 yds Locket 1/- 1 hank Silk 1/3","ribbon","","","3","","3",""
"00133_sv0061","","5","5","http://localhost:3000/display/display_page?page_id=7886","69 George Carey Self Dr","George Carey
","account holder
","3","","","","","","","","","",""," 13","","Fine thd 1/- 2 yds Locket 1/- 1 hank Silk 1/3","silk","","","3","","3",""
"00133_sv0061","","5","5","http://localhost:3000/display/display_page?page_id=7886","69 George Carey Self Dr","George Carey
","account holder
","4","","","","","","","","","",""," 13","","1 paste Board 1/- 2 Hair Combs 5/","paste board","","","6","","",""
"00133_sv0061","","5","5","http://localhost:3000/display/display_page?page_id=7886","69 George Carey Self Dr","George Carey
","account holder
","4","","","","","","","","","",""," 13","","1 paste Board 1/- 2 Hair Combs 5/","comb","","","6","","",""
"00133_sv0061","","5","5","http://localhost:3000/display/display_page?page_id=7886","69 George Carey Self Dr","George Carey
","account holder
","5","","","","","","","","","","","","","","","2","","15","","6",""
"00133_sv0061","","6","6","http://localhost:3000/display/display_page?page_id=7887","69 Twitty Chambliss Self Dr","Twitty Chambliss
","account holder
","1","","","","","","","","","","","","","1/4 lb Salt 1/3","salt","","","1","","3",""
"00133_sv0061","","6","6","http://localhost:3000/display/display_page?page_id=7887","69 Thomas Hunt Self Dr","Thomas Hunt
","account holder
","1","","","","","","","","","",""," 6","","1 Fine Hat $5","hat","2","","10","","",""
"00133_sv0061","","6","6","http://localhost:3000/display/display_page?page_id=7887","69 Thomas Hunt Self Dr","Thomas Hunt
","account holder
","2","","","","","","","","","",""," 20","","1 Peck Salt 5/ PP Dick","salt","","","5","","",""
"00133_sv0061","","6","6","http://localhost:3000/display/display_page?page_id=7887","69 Thomas Hunt Self Dr","Thomas Hunt
","account holder
","3","","","","","","","","","","","","","","","2","","15","","",""
"00133_sv0061","","6","6","http://localhost:3000/display/display_page?page_id=7887","69 Richard Cragg Self Dr","Richard Cragg
","account holder
","1","","","","","","","","","",""," 6","","1/4 lb powder 2/6 1/4 lb Shot 3/- 1/2 doz v buttons 3/9","powder","","","9","","3",""
"00133_sv0061","","6","6","http://localhost:3000/display/display_page?page_id=7887","69 Richard Cragg Self Dr","Richard Cragg
","account holder
","1","","","","","","","","","",""," 6","","1/4 lb powder 2/6 1/4 lb Shot 3/- 1/2 doz v buttons 3/9","shot","","","9","","3",""
"00133_sv0061","","6","6","http://localhost:3000/display/display_page?page_id=7887","69 Richard Cragg Self Dr","Richard Cragg
","account holder
","1","","","","","","","","","",""," 6","","1/4 lb powder 2/6 1/4 lb Shot 3/- 1/2 doz v buttons 3/9","buttons","","","9","","3",""
"00133_sv0061","","6","6","http://localhost:3000/display/display_page?page_id=7887","69 Richard Cragg Self Dr","Richard Cragg
","account holder
","2","","","","","","","","","",""," 6","","1 Fine Hat $5","hat","2","","10","","",""
"00133_sv0061","","6","6","http://localhost:3000/display/display_page?page_id=7887","69 Richard Cragg Self Dr","Richard Cragg
","account holder
","3","","","","","","","","","","","","","","","2","","19","","3",""
"00133_sv0061","","6","6","http://localhost:3000/display/display_page?page_id=7887","69 William Horton Self Dr","William Horton
","account holder
","1","","","","","","","","","",""," 6","","1 1/2 doz Moulds 1/6 3 pipes d9","moulds","","","2","","3",""
"00133_sv0061","","6","6","http://localhost:3000/display/display_page?page_id=7887","69 William Horton Self Dr","William Horton
","account holder
","1","","","","","","","","","",""," 6","","1 1/2 doz Moulds 1/6 3 pipes d9","pipe","","","2","","3",""
"00133_sv0061","","6","6","http://localhost:3000/display/display_page?page_id=7887","69 Sarah Cozart PP Wm Horton Dr","Sarah Cozart
William Horton
","order-placer
account holder
","1","","","","","","","","","",""," 6","","3 yds I cotton 15/- 1 Ivory comb 5/-","cotton","1","","","","",""
"00133_sv0061","","6","6","http://localhost:3000/display/display_page?page_id=7887","69 Sarah Cozart PP Wm Horton Dr","Sarah Cozart
William Horton
","order-placer
account holder
","1","","","","","","","","","",""," 6","","3 yds I cotton 15/- 1 Ivory comb 5/-","comb","1","","","","",""
"00133_sv0061","","6","6","http://localhost:3000/display/display_page?page_id=7887","69 Sarah Cozart PP Wm Horton Dr","Sarah Cozart
William Horton
","order-placer
account holder
","2","","","","","","","","","",""," 6","","1 Paper pins 3/","pins","","","3","","",""
"00133_sv0061","","6","6","http://localhost:3000/display/display_page?page_id=7887","69 Sarah Cozart PP Wm Horton Dr","Sarah Cozart
William Horton
","order-placer
account holder
","3","","","","","","","","","","","","","","","1","","3","","",""
"00133_sv0061","","6","6","http://localhost:3000/display/display_page?page_id=7887","70 James Daniel Self Dr","James Daniel
","account holder
","1","","","","","","","","","",""," 8","","1/4 lb Powder 2/6 1 lb Shot 2/6 2 Hair Combs 7/-","powder","","","12","","",""
"00133_sv0061","","6","6","http://localhost:3000/display/display_page?page_id=7887","70 James Daniel Self Dr","James Daniel
","account holder
","1","","","","","","","","","",""," 8","","1/4 lb Powder 2/6 1 lb Shot 2/6 2 Hair Combs 7/-","shot","","","12","","",""
"00133_sv0061","","6","6","http://localhost:3000/display/display_page?page_id=7887","70 James Daniel Self Dr","James Daniel
","account holder
","1","","","","","","","","","",""," 8","","1/4 lb Powder 2/6 1 lb Shot 2/6 2 Hair Combs 7/-","comb","","","12","","",""
"00133_sv0061","","6","6","http://localhost:3000/display/display_page?page_id=7887","70 James Daniel Self Dr","James Daniel
","account holder
","2","","","","","","","","","","","","","Genl Charges for 8 3/4 lb Hogs Lard a 1/ L0.8.9","lard","","","","","",""
"00133_sv0061","","6","6","http://localhost:3000/display/display_page?page_id=7887","70 James Daniel Self Dr","James Daniel
","account holder
","3","","","","","","","","","","","","","Ditto for 3 pr 20 lb Bacon a 1/- 1/-/-","bacon","1","","8","","9",""
"00133_sv0061","","6","6","http://localhost:3000/display/display_page?page_id=7887","70 Baxter Self PP Self Dr","Baxter
","account holder
","1","","","","","","","","","",""," 8","","1/2 Bushel Salt 10/-","salt","","","10","","",""
"00133_sv0061","","7","7","http://localhost:3000/display/display_page?page_id=7888","70 Starky Robertson Self Dr","Starky Robertson
","account holder
","1","","","","","","","","","","","","","1/2 Bushel Salt 10/ 1 oz Rea Cotton 2/6","","","","12","","6 ",""
"00133_sv0061","","7","7","http://localhost:3000/display/display_page?page_id=7888","70 George Carrington PP M Brown Dr","George Carrington
M Brown
","order-placer
account holder
","1","","","","","","","","","",""," 8","","1 quire Paper 4/","","","","4","","",""
"00133_sv0061","","7","7","http://localhost:3000/display/display_page?page_id=7888","70 George Carrington PP M Brown Dr","George Carrington
M Brown
","order-placer
account holder
","2","","","","","","","","","",""," 25","","50 20d Nails 2/8 35 d6 Ditto 7/","","","","9","","3 ",""
"00133_sv0061","","7","7","http://localhost:3000/display/display_page?page_id=7888","70 George Carrington PP M Brown Dr","George Carrington
M Brown
","order-placer
account holder
","3","","","","","","","","","",""," ""","","1 Cutting Knife 15/ PP Son Jas","","","","15","","",""
"00133_sv0061","","7","7","http://localhost:3000/display/display_page?page_id=7888","70 George Carrington PP M Brown Dr","George Carrington
M Brown
","order-placer
account holder
","4","","","","","","","","","","","","","","","1","","8","","3 ",""
"00133_sv0061","","7","7","http://localhost:3000/display/display_page?page_id=7888","70 James Meadows Self Dr","James Meadows
","account holder
","1","","","","","","","","","",""," 9","","1 lb Powder w/ 4 lb Shot 10/ 1 lb Coffee 6/","","1","","6","","",""
"00133_sv0061","","7","7","http://localhost:3000/display/display_page?page_id=7888","70 James Meadows Self Dr","James Meadows
","account holder
","2","","","","","","","","","",""," 22","","100 d8 Nails 2/6 PP Michael","","","","2","","6 ",""
"00133_sv0061","","7","7","http://localhost:3000/display/display_page?page_id=7888","70 James Meadows Self Dr","James Meadows
","account holder
","3","","","","","","","","","","","","","","","1","","8","","6 ",""
